dataset,fold,model,n,positive_rate,roc_auc,average_precision,accuracy,precision_05,recall_05,f1_05,brier,log_loss,precision_top10,recall_top10,lift_top10,predicted_retention,observed_retention,retention_error_pp,tn,fp,fn,tp
ibm,1,Prior / majority,1127,0.2653061224489796,0.5,0.2653061224489796,0.7346938775510204,0.0,0.0,0.0,0.19491878730519582,0.5785341145204774,,,,0.7346350122032393,0.7346938775510203,-0.005886534778104524,828,0,299,0
ibm,1,Logistic Regression,1127,0.2653061224489796,0.8349651818460893,0.6243159450239382,0.7976929902395741,0.637065637065637,0.5518394648829431,0.5913978494623656,0.14027034796225185,0.4286132083556576,0.6814159292035398,0.25752508361204013,2.5684138869979574,0.7267574390203959,0.7346938775510203,-0.7936438530624534,734,94,134,165
ibm,1,XGBoost (nested selection),1127,0.2653061224489796,0.8406463574232952,0.6457819641404272,0.7994676131322094,0.6514522821576764,0.5250836120401338,0.5814814814814815,0.1372426046757493,0.42167921844434286,0.7345132743362832,0.27759197324414714,2.7685500340367595,0.7252649035389075,0.7346938775510203,-0.9428974012112901,744,84,142,157
ibm,2,Prior / majority,1127,0.2653061224489796,0.5,0.2653061224489796,0.7346938775510204,0.0,0.0,0.0,0.19491878730519582,0.5785341145204773,,,,0.7346350122032393,0.7346938775510203,-0.005886534778104524,828,0,299,0
ibm,2,Logistic Regression,1127,0.2653061224489796,0.8421994409707074,0.6450038024032697,0.7905944986690329,0.6235294117647059,0.5317725752508361,0.5740072202166066,0.1375826882430526,0.41885818272063835,0.7256637168141593,0.27424749163879597,2.7351940095302925,0.7305554533888916,0.7346938775510203,-0.413842416212884,732,96,140,159
ibm,2,XGBoost (nested selection),1127,0.2653061224489796,0.8507605868191881,0.6802094966730509,0.8047914818101154,0.6680851063829787,0.5250836120401338,0.5880149812734082,0.1331607108659796,0.4085415275997641,0.7433628318584071,0.2809364548494983,2.8019060585432265,0.729898378819462,0.7346938775510203,-0.47954987315584896,750,78,142,157
ibm,3,Prior / majority,1127,0.2653061224489796,0.5,0.2653061224489796,0.7346938775510204,0.0,0.0,0.0,0.19491878730519582,0.5785341145204774,,,,0.7346350122032393,0.7346938775510203,-0.005886534778104524,828,0,299,0
ibm,3,Logistic Regression,1127,0.2653061224489796,0.8415511447174964,0.6710644394461152,0.8039041703637977,0.6625,0.5317725752508361,0.5899814471243042,0.13645498098096606,0.4203916095495844,0.7522123893805309,0.2842809364548495,2.835262083049693,0.7431146753343478,0.7346938775510203,0.8420797783327383,747,81,140,159
ibm,3,XGBoost (nested selection),1127,0.2653061224489796,0.8414138109317694,0.657289473607007,0.8074534161490683,0.6830357142857143,0.5117056856187291,0.5850860420650096,0.13643684773947595,0.41916777849344716,0.7345132743362832,0.27759197324414714,2.7685500340367595,0.7438057503979505,0.7346938775510203,0.9111872846930047,757,71,146,153
ibm,4,Prior / majority,1127,0.2653061224489796,0.5,0.2653061224489796,0.7346938775510204,0.0,0.0,0.0,0.19491878730519582,0.5785341145204773,,,,0.7346350122032393,0.7346938775510203,-0.005886534778104524,828,0,299,0
ibm,4,Logistic Regression,1127,0.2653061224489796,0.8503647423779749,0.6282909585868502,0.808340727595386,0.6693877551020408,0.5484949832775919,0.6029411764705882,0.134580584912119,0.4113756851576579,0.7079646017699115,0.26755852842809363,2.6684819605173584,0.7359284415935379,0.7346938775510203,0.12345640425174276,747,81,135,164
ibm,4,XGBoost (nested selection),1127,0.2653061224489796,0.8531942222868498,0.6377599354899,0.7941437444543035,0.6529680365296804,0.4782608695652174,0.5521235521235521,0.1340118106161165,0.410017305575805,0.7433628318584071,0.2809364548494983,2.8019060585432265,0.7367654869840303,0.7346938775510203,0.207160943300988,752,76,156,143
ibm,5,Prior / majority,1126,0.2655417406749556,0.5,0.2655417406749556,0.7344582593250444,0.0,0.0,0.0,0.19502938015021862,0.5787740991903758,,,,0.7346938775510203,0.7344582593250444,0.023561822597595317,827,0,299,0
ibm,5,Logistic Regression,1126,0.2655417406749556,0.8477229620702625,0.682281692752122,0.8072824156305506,0.664,0.5551839464882943,0.604735883424408,0.1338300845586707,0.41629021154627244,0.8053097345132744,0.30434782608695654,3.0327048864948054,0.7371026896734116,0.7344582593250444,0.2644430348367255,743,84,133,166
ibm,5,XGBoost (nested selection),1126,0.2655417406749556,0.8457716774577085,0.6797551283234303,0.8099467140319716,0.7014218009478673,0.49498327759197325,0.5803921568627451,0.13402350440068986,0.41656842638888947,0.7876106194690266,0.2976588628762542,2.966052031846568,0.7382051771081535,0.7344582593250444,0.37469177831090383,764,63,151,148
iranian,1,Prior / majority,510,0.1607843137254902,0.5,0.1607843137254902,0.8392156862745098,0.0,0.0,0.0,0.13494990605365367,0.44103275882697945,,,,0.8433615116857285,0.8392156862745098,0.41458254112186343,428,0,82,0
iranian,1,Logistic Regression,510,0.1607843137254902,0.9239799407339868,0.7252036478697816,0.8803921568627451,0.7441860465116279,0.3902439024390244,0.512,0.07620331588785216,0.2355925507827958,0.7647058823529411,0.47560975609756095,4.756097560975609,0.8378581455645067,0.8392156862745098,-0.135754071000313,417,11,50,32
iranian,1,XGBoost (nested selection),510,0.1607843137254902,0.96038010029633,0.8500240768895394,0.9176470588235294,0.803030303030303,0.6463414634146342,0.7162162162162162,0.055659369117028214,0.18100823636361302,0.9019607843137255,0.5609756097560976,5.609756097560975,0.8514373683140102,0.8392156862745098,1.2221682039500386,415,13,29,53
iranian,2,Prior / majority,504,0.15674603174603174,0.5,0.15674603174603174,0.8432539682539683,0.0,0.0,0.0,0.1321775484165066,0.43423759757682084,,,,0.8423401090728806,0.8432539682539683,-0.09138591810877172,425,0,79,0
iranian,2,Logistic Regression,504,0.15674603174603174,0.9332092330603127,0.799487096043487,0.9226190476190477,0.9166666666666666,0.5569620253164557,0.6929133858267716,0.06348476245400855,0.21221675264840872,0.8627450980392157,0.5569620253164557,5.5040953090096805,0.8333560503465418,0.8432539682539683,-0.9897917907426446,421,4,35,44
iranian,2,XGBoost (nested selection),504,0.15674603174603174,0.9866418466120626,0.9340057387002901,0.9444444444444444,0.8591549295774648,0.7721518987341772,0.8133333333333334,0.03584101524306839,0.12276249213054291,0.9411764705882353,0.6075949367088608,6.004467609828741,0.8400697707718157,0.8432539682539683,-0.3184197482152651,415,10,18,61
iranian,3,Prior / majority,502,0.15737051792828685,0.5,0.15737051792828685,0.8426294820717132,0.0,0.0,0.0,0.13260505575665232,0.4352838278286073,,,,0.8424962852897475,0.8426294820717132,-0.013319678196568874,423,0,79,0
iranian,3,Logistic Regression,502,0.15737051792828685,0.9329981745817997,0.7783525087967053,0.9083665338645418,0.9459459459459459,0.4430379746835443,0.603448275862069,0.06702281631290628,0.21951184400698776,0.8235294117647058,0.5316455696202531,5.233060312732688,0.8500900033424992,0.8426294820717132,0.7460521270786002,421,2,44,35
iranian,3,XGBoost (nested selection),502,0.15737051792828685,0.9660352515186881,0.8554437936841655,0.9163346613545816,0.7283950617283951,0.7468354430379747,0.7375,0.05303037200769953,0.16974994241307287,0.8823529411764706,0.569620253164557,5.606850335070737,0.8424625913270197,0.8426294820717132,-0.016689074469339316,401,22,20,59
iranian,4,Prior / majority,504,0.15674603174603174,0.5,0.15674603174603174,0.8432539682539683,0.0,0.0,0.0,0.1321775484165066,0.43423759757682084,,,,0.8423401090728806,0.8432539682539683,-0.09138591810877172,425,0,79,0
iranian,4,Logistic Regression,504,0.15674603174603174,0.922457185405808,0.7348190584621915,0.8908730158730159,0.8529411764705882,0.3670886075949367,0.5132743362831859,0.07464774799337519,0.23574345360480561,0.7450980392156863,0.4810126582278481,4.7535368577810875,0.8487095755228109,0.8432539682539683,0.5455607268842616,420,5,50,29
iranian,4,XGBoost (nested selection),504,0.15674603174603174,0.9649292628443783,0.866206077679921,0.9285714285714286,0.9387755102040817,0.5822784810126582,0.71875,0.053459844904495304,0.17875068411380665,0.9411764705882353,0.6075949367088608,6.004467609828741,0.8504191200552755,0.8432539682539683,0.7165151801307224,422,3,33,46
iranian,5,Prior / majority,501,0.15568862275449102,0.5,0.15568862275449102,0.844311377245509,0.0,0.0,0.0,0.13145465807919504,0.4324697772202656,,,,0.8420792079207922,0.844311377245509,-0.22321693247168706,423,0,78,0
iranian,5,Logistic Regression,501,0.15568862275449102,0.9345335515548282,0.7348956870826215,0.9001996007984032,0.868421052631579,0.4230769230769231,0.5689655172413793,0.0728720163109556,0.23073014178700957,0.7254901960784313,0.47435897435897434,4.659879336349924,0.8448537288299488,0.844311377245509,0.054235158443982634,418,5,45,33
iranian,5,XGBoost (nested selection),501,0.15568862275449102,0.9732981754258351,0.8698946929343169,0.9241516966067864,0.8225806451612904,0.6538461538461539,0.7285714285714285,0.04819857712975648,0.16046896863425072,0.8235294117647058,0.5384615384615384,5.289592760180995,0.8445175229092505,0.844311377245509,0.020614566374152488,412,11,27,51
retail,2010-09-01,Prior / majority,2831,0.3807841752031084,0.5,0.3807841752031084,0.3807841752031084,0.3807841752031084,1.0,0.55154771041187,0.25022421162420233,0.6935956043339552,,,,0.4990633195953541,0.6192158247968915,-12.015250520153748,0,1753,0,1078
retail,2010-09-01,Logistic Regression,2831,0.3807841752031084,0.719064164586127,0.5712956431219525,0.6464146944542565,0.5252459016393443,0.7430426716141002,0.6154437187860161,0.22153834925621296,0.6315628194787398,0.6338028169014085,0.16697588126159554,1.6644673234210459,0.4943751500588305,0.6192158247968915,-12.48406747380611,1029,724,277,801
retail,2010-09-01,XGBoost (nested selection),2831,0.3807841752031084,0.7183759724913665,0.5725206318955744,0.635464500176616,0.5145939086294417,0.7523191094619666,0.6111529766390355,0.22240909388987187,0.6339563352426215,0.6514084507042254,0.17161410018552875,1.7107025268494083,0.49253615173299015,0.6192158247968915,-12.667967306390143,988,765,267,811
retail,2010-12-01,Prior / majority,3479,0.6205806266168439,0.5,0.6205806266168439,0.37941937338315607,0.0,0.0,0.0,0.2683988300523329,0.7301470722411857,,,,0.5609090909090908,0.3794193733831561,18.148971752593468,1320,0,2159,0
retail,2010-12-01,Logistic Regression,3479,0.6205806266168439,0.7488557412943703,0.7979816818987219,0.6369646450129347,0.8072702331961591,0.5451597962019453,0.6508155930329002,0.23282187314012445,0.6582492532843337,0.8477011494252874,0.13663733209819362,1.36598068497016,0.58026814710657,0.3794193733831561,20.0848773723414,1039,281,982,1177
retail,2010-12-01,XGBoost (nested selection),3479,0.6205806266168439,0.7488317051946047,0.7999320666010447,0.6389767174475424,0.8028169014084507,0.554423344140806,0.6558904109589041,0.2318208561009564,0.6589161373941332,0.8477011494252874,0.13663733209819362,1.36598068497016,0.5791551372886012,0.3794193733831561,19.973576390544512,1026,294,962,1197
retail,2011-03-01,Prior / majority,3349,0.5771872200656912,0.5,0.5771872200656912,0.5771872200656912,0.5771872200656912,1.0,0.731919727375994,0.2486357697322027,0.6904184082255782,,,,0.4905891524668673,0.42281277993430877,6.777637253255852,0,1416,0,1933
retail,2011-03-01,Logistic Regression,3349,0.5771872200656912,0.7517248005939072,0.766547652417741,0.7037921767691848,0.7330361565131253,0.7656492498706674,0.7489878542510121,0.19657143429753005,0.5773264084635922,0.817910447761194,0.14174857734092086,1.417062643327594,0.47815344015818173,0.42281277993430877,5.534066022387297,877,539,453,1480
retail,2011-03-01,XGBoost (nested selection),3349,0.5771872200656912,0.7499612732762223,0.7676618636959974,0.7002090176171991,0.7380830343413634,0.7449560269011899,0.741503604531411,0.19859242366728033,0.5809654070017773,0.826865671641791,0.14330056906363167,1.4325779277435893,0.48341462589193007,0.42281277993430877,6.060184595762131,905,511,493,1440
retail,2011-06-01,Prior / majority,2659,0.4994358781496803,0.5,0.4994358781496803,0.4994358781496803,0.4994358781496803,1.0,0.6661650363681967,0.25080550150078795,0.6947606504305577,,,,0.47217715768981183,0.5005641218503196,-2.8386964160507846,0,1331,0,1328
retail,2011-06-01,Logistic Regression,2659,0.4994358781496803,0.7519608863704254,0.6969358096144391,0.6904851447912749,0.6520168573148706,0.8155120481927711,0.7246570759451322,0.20132503858619383,0.5858723489580508,0.7180451127819549,0.1438253012048193,1.437712315427122,0.4586587381385755,0.5005641218503196,-4.190538371174418,753,578,245,1083
retail,2011-06-01,XGBoost (nested selection),2659,0.4994358781496803,0.749046429896898,0.6942528651484492,0.6863482512222641,0.6471990464839095,0.8177710843373494,0.7225548902195609,0.2012083715312531,0.5847962269773159,0.7518796992481203,0.15060240963855423,1.5054579219132167,0.461580424637146,0.5005641218503196,-3.8983697213173683,739,592,242,1086
