dataset,fold,model,bin,n,mean_p,observed_rate
ibm,1,Logistic Regression,0,415,0.03414549072489042,0.03855421686746988
ibm,1,Logistic Regression,1,149,0.14975193102246737,0.2080536912751678
ibm,1,Logistic Regression,2,118,0.25025257926499184,0.1864406779661017
ibm,1,Logistic Regression,3,91,0.3441077347741162,0.2967032967032967
ibm,1,Logistic Regression,4,95,0.44945078137986116,0.4
ibm,1,Logistic Regression,5,86,0.549442012076831,0.5697674418604651
ibm,1,Logistic Regression,6,92,0.6512571621630959,0.6086956521739131
ibm,1,Logistic Regression,7,74,0.7433987731208457,0.7297297297297297
ibm,1,Logistic Regression,8,7,0.8200480333544939,0.8571428571428571
ibm,1,Prior / majority,2,1127,0.26536498779676065,0.2653061224489796
ibm,1,XGBoost (nested selection),0,385,0.038764136214438194,0.033766233766233764
ibm,1,XGBoost (nested selection),1,185,0.15008038411269317,0.16216216216216217
ibm,1,XGBoost (nested selection),2,113,0.2514772343952044,0.20353982300884957
ibm,1,XGBoost (nested selection),3,109,0.34970091296992173,0.29357798165137616
ibm,1,XGBoost (nested selection),4,94,0.4546726456982024,0.46808510638297873
ibm,1,XGBoost (nested selection),5,92,0.5526942403420158,0.5978260869565217
ibm,1,XGBoost (nested selection),6,69,0.6487061580022176,0.5797101449275363
ibm,1,XGBoost (nested selection),7,47,0.7373019101771903,0.7446808510638298
ibm,1,XGBoost (nested selection),8,33,0.8303651430390098,0.8181818181818182
ibm,2,Logistic Regression,0,416,0.03379208270276242,0.040865384615384616
ibm,2,Logistic Regression,1,137,0.14730209060009103,0.13138686131386862
ibm,2,Logistic Regression,2,135,0.24522194722145776,0.2222222222222222
ibm,2,Logistic Regression,3,86,0.355741378198372,0.3372093023255814
ibm,2,Logistic Regression,4,98,0.450833679723402,0.46938775510204084
ibm,2,Logistic Regression,5,92,0.5482852629772962,0.5
ibm,2,Logistic Regression,6,107,0.6437390232024115,0.6448598130841121
ibm,2,Logistic Regression,7,49,0.7439582140665696,0.7551020408163265
ibm,2,Logistic Regression,8,7,0.8242024336394623,1.0
ibm,2,Prior / majority,2,1127,0.26536498779676065,0.2653061224489796
ibm,2,XGBoost (nested selection),0,423,0.03586736061317454,0.03309692671394799
ibm,2,XGBoost (nested selection),1,147,0.14946197165923863,0.16326530612244897
ibm,2,XGBoost (nested selection),2,101,0.2491207518199883,0.18811881188118812
ibm,2,XGBoost (nested selection),3,109,0.346506813797382,0.3119266055045872
ibm,2,XGBoost (nested selection),4,112,0.4491154248160975,0.45535714285714285
ibm,2,XGBoost (nested selection),5,87,0.5517401976146917,0.6091954022988506
ibm,2,XGBoost (nested selection),6,70,0.643929591349193,0.5714285714285714
ibm,2,XGBoost (nested selection),7,51,0.7466275107626822,0.7254901960784313
ibm,2,XGBoost (nested selection),8,26,0.8449507837112133,1.0
ibm,2,XGBoost (nested selection),9,1,0.9071654677391052,1.0
ibm,3,Logistic Regression,0,422,0.0339118575235606,0.037914691943127965
ibm,3,Logistic Regression,1,178,0.14770914818330486,0.20786516853932585
ibm,3,Logistic Regression,2,124,0.24827965266268,0.24193548387096775
ibm,3,Logistic Regression,3,84,0.35309651252156254,0.32142857142857145
ibm,3,Logistic Regression,4,79,0.44967269197583287,0.379746835443038
ibm,3,Logistic Regression,5,90,0.5504993849974685,0.5111111111111111
ibm,3,Logistic Regression,6,91,0.6511413993936256,0.7142857142857143
ibm,3,Logistic Regression,7,52,0.7392026475968557,0.7884615384615384
ibm,3,Logistic Regression,8,7,0.8140646184166139,1.0
ibm,3,Prior / majority,2,1127,0.26536498779676065,0.2653061224489796
ibm,3,XGBoost (nested selection),0,435,0.038252612143412405,0.0367816091954023
ibm,3,XGBoost (nested selection),1,153,0.14512109069847592,0.1895424836601307
ibm,3,XGBoost (nested selection),2,144,0.2476496333256364,0.2777777777777778
ibm,3,XGBoost (nested selection),3,98,0.3524135679614787,0.3163265306122449
ibm,3,XGBoost (nested selection),4,73,0.44220178339579336,0.410958904109589
ibm,3,XGBoost (nested selection),5,75,0.5537534411748251,0.5866666666666667
ibm,3,XGBoost (nested selection),6,75,0.644434798558553,0.6933333333333334
ibm,3,XGBoost (nested selection),7,45,0.7418118437131246,0.7111111111111111
ibm,3,XGBoost (nested selection),8,29,0.8332085568329384,0.8620689655172413
ibm,4,Logistic Regression,0,422,0.03245339723021972,0.04028436018957346
ibm,4,Logistic Regression,1,164,0.15051941848920214,0.14634146341463414
ibm,4,Logistic Regression,2,114,0.25560200278331807,0.22807017543859648
ibm,4,Logistic Regression,3,97,0.3455728520108971,0.35051546391752575
ibm,4,Logistic Regression,4,85,0.45004458711426326,0.4
ibm,4,Logistic Regression,5,83,0.5481364214749257,0.6265060240963856
ibm,4,Logistic Regression,6,83,0.6477921996745706,0.6506024096385542
ibm,4,Logistic Regression,7,73,0.7421186584409549,0.7397260273972602
ibm,4,Logistic Regression,8,6,0.8130675953392442,0.6666666666666666
ibm,4,Prior / majority,2,1127,0.26536498779676065,0.2653061224489796
ibm,4,XGBoost (nested selection),0,415,0.04074623218950737,0.03132530120481928
ibm,4,XGBoost (nested selection),1,168,0.14991155435286818,0.13690476190476192
ibm,4,XGBoost (nested selection),2,125,0.2546719444990158,0.264
ibm,4,XGBoost (nested selection),3,114,0.35214333654495705,0.3333333333333333
ibm,4,XGBoost (nested selection),4,86,0.4516638025294903,0.5697674418604651
ibm,4,XGBoost (nested selection),5,85,0.5553391645936405,0.5529411764705883
ibm,4,XGBoost (nested selection),6,67,0.65087042993574,0.6716417910447762
ibm,4,XGBoost (nested selection),7,39,0.7550266813009213,0.7692307692307693
ibm,4,XGBoost (nested selection),8,28,0.8389592809336526,0.75
ibm,5,Logistic Regression,0,432,0.03548629215885908,0.041666666666666664
ibm,5,Logistic Regression,1,146,0.1475100609859203,0.1506849315068493
ibm,5,Logistic Regression,2,117,0.2438036903471292,0.26495726495726496
ibm,5,Logistic Regression,3,87,0.3512954666538797,0.26436781609195403
ibm,5,Logistic Regression,4,94,0.4471302821441375,0.4148936170212766
ibm,5,Logistic Regression,5,99,0.5500625101426551,0.5252525252525253
ibm,5,Logistic Regression,6,94,0.6548029382919437,0.6808510638297872
ibm,5,Logistic Regression,7,54,0.7327278970524636,0.8703703703703703
ibm,5,Logistic Regression,8,3,0.8209564252392977,1.0
ibm,5,Prior / majority,2,1126,0.26530612244897966,0.2655417406749556
ibm,5,XGBoost (nested selection),0,414,0.042121803043815104,0.043478260869565216
ibm,5,XGBoost (nested selection),1,168,0.14192876188705364,0.13690476190476192
ibm,5,XGBoost (nested selection),2,99,0.24838739814180316,0.2727272727272727
ibm,5,XGBoost (nested selection),3,114,0.3424218832923655,0.2807017543859649
ibm,5,XGBoost (nested selection),4,120,0.4514709159731865,0.425
ibm,5,XGBoost (nested selection),5,83,0.555334680769817,0.5542168674698795
ibm,5,XGBoost (nested selection),6,72,0.6452816079060236,0.7638888888888888
ibm,5,XGBoost (nested selection),7,41,0.7481533216267098,0.8048780487804879
ibm,5,XGBoost (nested selection),8,15,0.8312143087387085,0.9333333333333333
iranian,1,Logistic Regression,0,321,0.018497831384225182,0.012461059190031152
iranian,1,Logistic Regression,1,31,0.14993576004868664,0.16129032258064516
iranian,1,Logistic Regression,2,53,0.24774981295131973,0.3018867924528302
iranian,1,Logistic Regression,3,43,0.36475704460535263,0.3023255813953488
iranian,1,Logistic Regression,4,19,0.4412696498821612,0.631578947368421
iranian,1,Logistic Regression,5,9,0.5398860281093314,0.2222222222222222
iranian,1,Logistic Regression,6,3,0.6615489383791194,0.6666666666666666
iranian,1,Logistic Regression,7,2,0.7558474005004634,1.0
iranian,1,Logistic Regression,8,13,0.8597880772502531,0.7692307692307693
iranian,1,Logistic Regression,9,16,0.9609097562918311,1.0
iranian,1,Prior / majority,1,510,0.15663848831427157,0.1607843137254902
iranian,1,XGBoost (nested selection),0,368,0.019340313084324844,0.016304347826086956
iranian,1,XGBoost (nested selection),1,32,0.1344167054630816,0.15625
iranian,1,XGBoost (nested selection),2,10,0.2674052149057388,0.4
iranian,1,XGBoost (nested selection),3,22,0.3421910445798527,0.2727272727272727
iranian,1,XGBoost (nested selection),4,12,0.45667701711257297,0.6666666666666666
iranian,1,XGBoost (nested selection),5,26,0.5601275402766007,0.5769230769230769
iranian,1,XGBoost (nested selection),6,7,0.629247886793954,0.8571428571428571
iranian,1,XGBoost (nested selection),7,8,0.7458773925900459,0.875
iranian,1,XGBoost (nested selection),8,4,0.86243636906147,1.0
iranian,1,XGBoost (nested selection),9,21,0.9657703411011469,1.0
iranian,2,Logistic Regression,0,333,0.021510253950502108,0.024024024024024024
iranian,2,Logistic Regression,1,29,0.1416261726532235,0.2413793103448276
iranian,2,Logistic Regression,2,36,0.24277183393668794,0.08333333333333333
iranian,2,Logistic Regression,3,39,0.3461629390062887,0.23076923076923078
iranian,2,Logistic Regression,4,19,0.4241489841210209,0.42105263157894735
iranian,2,Logistic Regression,5,3,0.5285176372805409,0.3333333333333333
iranian,2,Logistic Regression,6,2,0.639953359779224,1.0
iranian,2,Logistic Regression,7,2,0.7743141909326725,1.0
iranian,2,Logistic Regression,8,10,0.8560670300002429,0.9
iranian,2,Logistic Regression,9,31,0.9498305612370633,0.967741935483871
iranian,2,Prior / majority,1,504,0.15765989092711946,0.15674603174603174
iranian,2,XGBoost (nested selection),0,357,0.017859830425257198,0.0
iranian,2,XGBoost (nested selection),1,33,0.1376878506306446,0.06060606060606061
iranian,2,XGBoost (nested selection),2,24,0.24333908160527548,0.16666666666666666
iranian,2,XGBoost (nested selection),3,8,0.3398277536034584,0.25
iranian,2,XGBoost (nested selection),4,11,0.4369423145597631,0.9090909090909091
iranian,2,XGBoost (nested selection),5,20,0.5487352579832077,0.65
iranian,2,XGBoost (nested selection),6,10,0.6368329584598541,0.7
iranian,2,XGBoost (nested selection),7,2,0.7400499284267426,1.0
iranian,2,XGBoost (nested selection),8,5,0.868948471546173,1.0
iranian,2,XGBoost (nested selection),9,34,0.9750639585887685,1.0
iranian,3,Logistic Regression,0,345,0.0186016984973657,0.028985507246376812
iranian,3,Logistic Regression,1,31,0.15239786199999947,0.0967741935483871
iranian,3,Logistic Regression,2,28,0.2504062178798627,0.14285714285714285
iranian,3,Logistic Regression,3,44,0.37220452529483694,0.4090909090909091
iranian,3,Logistic Regression,4,17,0.43374326296627647,0.5294117647058824
iranian,3,Logistic Regression,5,1,0.5985065892408827,1.0
iranian,3,Logistic Regression,6,2,0.6249938938311268,1.0
iranian,3,Logistic Regression,7,1,0.786002638054053,1.0
iranian,3,Logistic Regression,8,8,0.852710596026343,1.0
iranian,3,Logistic Regression,9,25,0.955788326050827,0.92
iranian,3,Prior / majority,1,502,0.15750371471025254,0.15737051792828685
iranian,3,XGBoost (nested selection),0,363,0.017696042849046318,0.013774104683195593
iranian,3,XGBoost (nested selection),1,27,0.14472584647160988,0.1111111111111111
iranian,3,XGBoost (nested selection),2,18,0.23865943402051926,0.3333333333333333
iranian,3,XGBoost (nested selection),3,3,0.37659333149592084,0.3333333333333333
iranian,3,XGBoost (nested selection),4,10,0.46225557923316957,0.5
iranian,3,XGBoost (nested selection),5,33,0.5283135862061472,0.48484848484848486
iranian,3,XGBoost (nested selection),6,12,0.6592150628566742,0.75
iranian,3,XGBoost (nested selection),7,5,0.7539086103439331,0.8
iranian,3,XGBoost (nested selection),8,5,0.8456769108772277,1.0
iranian,3,XGBoost (nested selection),9,26,0.9754405938662015,0.9615384615384616
iranian,4,Logistic Regression,0,326,0.022044917448681298,0.018404907975460124
iranian,4,Logistic Regression,1,43,0.15219708728298414,0.18604651162790697
iranian,4,Logistic Regression,2,42,0.2599719546743115,0.2619047619047619
iranian,4,Logistic Regression,3,39,0.35204791084804793,0.38461538461538464
iranian,4,Logistic Regression,4,20,0.43888781871954397,0.5
iranian,4,Logistic Regression,5,6,0.5502694403578241,0.5
iranian,4,Logistic Regression,7,2,0.7178771902905234,1.0
iranian,4,Logistic Regression,8,6,0.8715400186878647,0.6666666666666666
iranian,4,Logistic Regression,9,20,0.9563098983211944,1.0
iranian,4,Prior / majority,1,504,0.15765989092711946,0.15674603174603174
iranian,4,XGBoost (nested selection),0,339,0.016578057426894027,0.0058997050147492625
iranian,4,XGBoost (nested selection),1,49,0.1476528533563322,0.12244897959183673
iranian,4,XGBoost (nested selection),2,25,0.2517048293352127,0.2
iranian,4,XGBoost (nested selection),3,13,0.36142348555418163,0.38461538461538464
iranian,4,XGBoost (nested selection),4,29,0.45025361406392067,0.5172413793103449
iranian,4,XGBoost (nested selection),5,12,0.5317687938610712,0.9166666666666666
iranian,4,XGBoost (nested selection),6,6,0.6455548206965128,0.8333333333333334
iranian,4,XGBoost (nested selection),7,6,0.7533996403217316,1.0
iranian,4,XGBoost (nested selection),8,4,0.8090724498033524,1.0
iranian,4,XGBoost (nested selection),9,21,0.9749566316604614,0.9523809523809523
iranian,5,Logistic Regression,0,323,0.019653609397482313,0.018575851393188854
iranian,5,Logistic Regression,1,33,0.13983602614226348,0.06060606060606061
iranian,5,Logistic Regression,2,43,0.24239118367419973,0.23255813953488372
iranian,5,Logistic Regression,3,47,0.35304107305675975,0.425531914893617
iranian,5,Logistic Regression,4,17,0.455215982649786,0.4117647058823529
iranian,5,Logistic Regression,5,7,0.5414727486702259,0.8571428571428571
iranian,5,Logistic Regression,6,2,0.654867209093936,1.0
iranian,5,Logistic Regression,7,2,0.7288584064210204,1.0
iranian,5,Logistic Regression,8,4,0.880681502415675,0.75
iranian,5,Logistic Regression,9,23,0.9535072886967527,0.8695652173913043
iranian,5,Prior / majority,1,501,0.1579207920792079,0.15568862275449102
iranian,5,XGBoost (nested selection),0,356,0.01905760236597539,0.008426966292134831
iranian,5,XGBoost (nested selection),1,29,0.14107377159184423,0.034482758620689655
iranian,5,XGBoost (nested selection),2,17,0.24182015043847702,0.11764705882352941
iranian,5,XGBoost (nested selection),3,17,0.34593429635552797,0.29411764705882354
iranian,5,XGBoost (nested selection),4,20,0.44686763286590575,0.8
iranian,5,XGBoost (nested selection),5,17,0.5500422260340523,0.7058823529411765
iranian,5,XGBoost (nested selection),6,11,0.6568546728654341,0.6363636363636364
iranian,5,XGBoost (nested selection),7,5,0.7441397666931152,1.0
iranian,5,XGBoost (nested selection),8,4,0.8476594537496567,1.0
iranian,5,XGBoost (nested selection),9,25,0.9761776423454285,0.92
retail,2010-09-01,Logistic Regression,0,126,0.05548314781583483,0.047619047619047616
retail,2010-09-01,Logistic Regression,1,228,0.15130638858552128,0.11403508771929824
retail,2010-09-01,Logistic Regression,2,273,0.25166229777691784,0.16483516483516483
retail,2010-09-01,Logistic Regression,3,311,0.3496902342020978,0.26688102893890675
retail,2010-09-01,Logistic Regression,4,368,0.4505144081360915,0.3179347826086957
retail,2010-09-01,Logistic Regression,5,283,0.5514943877770969,0.4028268551236749
retail,2010-09-01,Logistic Regression,6,504,0.6571029650476967,0.4722222222222222
retail,2010-09-01,Logistic Regression,7,628,0.7447511744041461,0.5987261146496815
retail,2010-09-01,Logistic Regression,8,108,0.8324230600421004,0.6759259259259259
retail,2010-09-01,Logistic Regression,9,2,0.9151052509080095,0.0
retail,2010-09-01,Prior / majority,5,2831,0.5009366804046459,0.3807841752031084
retail,2010-09-01,XGBoost (nested selection),0,147,0.04093191487600609,0.07482993197278912
retail,2010-09-01,XGBoost (nested selection),1,177,0.16273947561022925,0.10734463276836158
retail,2010-09-01,XGBoost (nested selection),2,315,0.25078624775485386,0.15873015873015872
retail,2010-09-01,XGBoost (nested selection),3,264,0.3483685271983797,0.26515151515151514
retail,2010-09-01,XGBoost (nested selection),4,352,0.45506171958351677,0.33238636363636365
retail,2010-09-01,XGBoost (nested selection),5,329,0.5492448631028636,0.3677811550151976
retail,2010-09-01,XGBoost (nested selection),6,463,0.6505323717970055,0.48812095032397407
retail,2010-09-01,XGBoost (nested selection),7,735,0.7474312972860272,0.5850340136054422
retail,2010-09-01,XGBoost (nested selection),8,49,0.8040722377446233,0.6938775510204082
retail,2010-12-01,Logistic Regression,0,188,0.05977185893317461,0.06914893617021277
retail,2010-12-01,Logistic Regression,1,414,0.15338980149597517,0.28743961352657005
retail,2010-12-01,Logistic Regression,2,483,0.25123168338949176,0.4927536231884058
retail,2010-12-01,Logistic Regression,3,538,0.34861782045532314,0.6431226765799256
retail,2010-12-01,Logistic Regression,4,398,0.4489378940692625,0.6683417085427136
retail,2010-12-01,Logistic Regression,5,674,0.5586490409151639,0.7833827893175074
retail,2010-12-01,Logistic Regression,6,596,0.6404121812422577,0.8187919463087249
retail,2010-12-01,Logistic Regression,7,169,0.7337611064976591,0.8520710059171598
retail,2010-12-01,Logistic Regression,8,19,0.8267008421319367,0.8947368421052632
retail,2010-12-01,Prior / majority,4,3479,0.4390909090909092,0.6205806266168439
retail,2010-12-01,XGBoost (nested selection),0,266,0.0586793317382497,0.13533834586466165
retail,2010-12-01,XGBoost (nested selection),1,374,0.14818680087194086,0.3074866310160428
retail,2010-12-01,XGBoost (nested selection),2,457,0.25075397896427554,0.5185995623632386
retail,2010-12-01,XGBoost (nested selection),3,468,0.3518640582378094,0.6068376068376068
retail,2010-12-01,XGBoost (nested selection),4,423,0.4523580823243369,0.6855791962174941
retail,2010-12-01,XGBoost (nested selection),5,641,0.552577683780569,0.7753510140405616
retail,2010-12-01,XGBoost (nested selection),6,666,0.6460281873608494,0.8093093093093093
retail,2010-12-01,XGBoost (nested selection),7,162,0.7422561995041224,0.8641975308641975
retail,2010-12-01,XGBoost (nested selection),8,22,0.8078055788170208,0.9545454545454546
retail,2011-03-01,Logistic Regression,0,126,0.06063849356265163,0.031746031746031744
retail,2011-03-01,Logistic Regression,1,183,0.15550522727659907,0.12021857923497267
retail,2011-03-01,Logistic Regression,2,276,0.25203293178374925,0.2391304347826087
retail,2011-03-01,Logistic Regression,3,325,0.352732612702626,0.44
retail,2011-03-01,Logistic Regression,4,420,0.4520028778155411,0.5190476190476191
retail,2011-03-01,Logistic Regression,5,441,0.5499071867309278,0.6303854875283447
retail,2011-03-01,Logistic Regression,6,904,0.6630409040284351,0.7300884955752213
retail,2011-03-01,Logistic Regression,7,650,0.7322170104776128,0.8015384615384615
retail,2011-03-01,Logistic Regression,8,24,0.8202800727520637,0.875
retail,2011-03-01,Prior / majority,5,3349,0.5094108475331327,0.5771872200656912
retail,2011-03-01,XGBoost (nested selection),0,116,0.054888516921421576,0.017241379310344827
retail,2011-03-01,XGBoost (nested selection),1,143,0.15810221725410514,0.11888111888111888
retail,2011-03-01,XGBoost (nested selection),2,247,0.24743676813025223,0.21052631578947367
retail,2011-03-01,XGBoost (nested selection),3,412,0.35392668416488515,0.4029126213592233
retail,2011-03-01,XGBoost (nested selection),4,480,0.4502847309534748,0.5333333333333333
retail,2011-03-01,XGBoost (nested selection),5,487,0.5516072575316537,0.6817248459958932
retail,2011-03-01,XGBoost (nested selection),6,802,0.6552682928462278,0.7231920199501247
retail,2011-03-01,XGBoost (nested selection),7,610,0.7244430267419971,0.7885245901639344
retail,2011-03-01,XGBoost (nested selection),8,52,0.8063314385139025,0.9038461538461539
retail,2011-06-01,Logistic Regression,0,95,0.058538480613069474,0.0
retail,2011-06-01,Logistic Regression,1,138,0.15422679597714178,0.07971014492753623
retail,2011-06-01,Logistic Regression,2,184,0.24843791616375938,0.14673913043478262
retail,2011-06-01,Logistic Regression,3,255,0.35385601928452387,0.3137254901960784
retail,2011-06-01,Logistic Regression,4,326,0.4530968993111698,0.3895705521472393
retail,2011-06-01,Logistic Regression,5,304,0.5436951859644095,0.4934210526315789
retail,2011-06-01,Logistic Regression,6,584,0.6623267701101108,0.6335616438356164
retail,2011-06-01,Logistic Regression,7,723,0.7410460168669059,0.7316735822959889
retail,2011-06-01,Logistic Regression,8,50,0.8213614129411175,0.68
retail,2011-06-01,Prior / majority,5,2659,0.5278228423101882,0.4994358781496803
retail,2011-06-01,XGBoost (nested selection),0,131,0.053698872180499194,0.022900763358778626
retail,2011-06-01,XGBoost (nested selection),1,130,0.15363138083081979,0.07692307692307693
retail,2011-06-01,XGBoost (nested selection),2,160,0.24879102893173694,0.1625
retail,2011-06-01,XGBoost (nested selection),3,233,0.3500439674301721,0.2918454935622318
retail,2011-06-01,XGBoost (nested selection),4,327,0.4504660116423161,0.41284403669724773
retail,2011-06-01,XGBoost (nested selection),5,317,0.5527754484290957,0.47634069400630913
retail,2011-06-01,XGBoost (nested selection),6,599,0.6589071028220633,0.654424040066778
retail,2011-06-01,XGBoost (nested selection),7,696,0.7353202157664573,0.7140804597701149
retail,2011-06-01,XGBoost (nested selection),8,66,0.822481550953605,0.696969696969697
