dataset,model,roc_auc_mean,roc_auc_std,average_precision_mean,average_precision_std,brier_mean,brier_std,log_loss_mean,log_loss_std,precision_top10_mean,precision_top10_std,recall_top10_mean,recall_top10_std,lift_top10_mean,lift_top10_std,retention_error_pp_mean,retention_error_pp_std
ibm,Logistic Regression,0.843360694396506,0.005983178041980668,0.6501913676424591,0.025698007402157393,0.13654373733141206,0.00255894520617453,0.41910577946596217,0.006320356951362035,0.7345132743362832,0.04724370907978457,0.27759197324414714,0.017854645906406886,2.7680113653180216,0.1770646448341611,0.0044985896291738214,0.6315268956898862
ibm,Prior / majority,0.5,0.0,0.2653532460941748,0.00010537167400404933,0.19494090587420038,4.9458623859215074e-05,0.578582111454457,0.00010732440709011505,,,,,,,3.136697035444058e-06,0.013169705783554432
ibm,XGBoost (nested selection),0.8463573309837622,0.005557165289242228,0.6601591996467631,0.01938222184541948,0.13497509565960225,0.001760948072750459,0.41519485130044975,0.005718207154741185,0.7486725663716814,0.022212213093825,0.282943143812709,0.008394582206027533,2.8213928434013082,0.0825688733314914,0.0141185463875515,0.7299997904526517
iranian,Logistic Regression,0.929435617067347,0.005731139556274055,0.7545515996509573,0.03249120060346265,0.07084613179181956,0.005386636590827153,0.22675894856600148,0.010470437205656217,0.7843137254901961,0.05716619504750298,0.5039177967242184,0.03802050134466288,4.981333875369797,0.3683074853194363,0.044060430132777384,0.6792610110895689
iranian,Prior / majority,0.5,0.0,0.15746710358006633,0.0019503906764830247,0.13267294334450286,0.001338302951547457,0.4354523118058988,0.0032793425284970983,,,,,,,-0.000945181152787189,0.2442233615936955
iranian,XGBoost (nested selection),0.9702569273394588,0.010264904257229238,0.8751148759776466,0.03387938306628877,0.049237835680409583,0.007968683102074617,0.16254806473105723,0.02367691006784316,0.8980392156862745,0.048823135678387176,0.576849454959983,0.03028383128498032,5.703026882494038,0.30438879959732507,0.32483782555406177,0.6288055500625133
retail,Logistic Regression,0.7429013982112075,0.01595404508541869,0.7081901967632136,0.10055659017031982,0.21306417382001533,0.01704891086200517,0.6132527075461791,0.03829853056160561,0.7543648817174612,0.09764567736069026,0.14729677297638233,0.013462597245787569,1.4713057417864803,0.13225681612921394,2.2360843874370415,13.993337042821524
retail,Prior / majority,0.5,0.0,0.519496975008831,0.10518199692955285,0.2545160782273815,0.00930048967913493,0.7022304338078191,0.01870134214007783,,,,,,,2.518165517411197,12.940651123821608
retail,XGBoost (nested selection),0.7415538452147729,0.015459675521559585,0.7085918568352665,0.10091792799063014,0.21350768629734043,0.016210546447949753,0.614658526653962,0.03811441012979781,0.7694637427548561,0.08881126769665675,0.15053860274647707,0.015163718990337673,1.5036797653690934,0.14930739395406853,2.3668559896497827,14.011141331341987
