dataset,fold,candidate,inner_fold,train_n,validation_n,average_precision
ibm,1,0,1,3004,1503,0.6464520132318915
ibm,1,0,2,3005,1502,0.6844302698964428
ibm,1,0,3,3005,1502,0.6437421259793555
ibm,1,1,1,3004,1503,0.6404197408062424
ibm,1,1,2,3005,1502,0.6889993728918513
ibm,1,1,3,3005,1502,0.639511426574671
ibm,1,2,1,3004,1503,0.6443187906747022
ibm,1,2,2,3005,1502,0.6900033353380831
ibm,1,2,3,3005,1502,0.6398872267781336
ibm,1,3,1,3004,1503,0.6330433365979857
ibm,1,3,2,3005,1502,0.6892985813623272
ibm,1,3,3,3005,1502,0.6308715255794481
ibm,2,0,1,3004,1503,0.68988779246394
ibm,2,0,2,3005,1502,0.6139512177147368
ibm,2,0,3,3005,1502,0.6354081460545117
ibm,2,1,1,3004,1503,0.6833462110554931
ibm,2,1,2,3005,1502,0.6200532920875607
ibm,2,1,3,3005,1502,0.6408747179597293
ibm,2,2,1,3004,1503,0.675330995641141
ibm,2,2,2,3005,1502,0.6218530785140821
ibm,2,2,3,3005,1502,0.6374564059413227
ibm,2,3,1,3004,1503,0.6614056789885138
ibm,2,3,2,3005,1502,0.6196515300553139
ibm,2,3,3,3005,1502,0.6369681475495922
ibm,3,0,1,3004,1503,0.6591486572565387
ibm,3,0,2,3005,1502,0.6523642494635989
ibm,3,0,3,3005,1502,0.6851613003431329
ibm,3,1,1,3004,1503,0.6635166621979341
ibm,3,1,2,3005,1502,0.6461800731482408
ibm,3,1,3,3005,1502,0.6870441113975023
ibm,3,2,1,3004,1503,0.665789201837959
ibm,3,2,2,3005,1502,0.6508587765036483
ibm,3,2,3,3005,1502,0.6882229309525195
ibm,3,3,1,3004,1503,0.6661165892568867
ibm,3,3,2,3005,1502,0.6445357411654374
ibm,3,3,3,3005,1502,0.6812966785337634
ibm,4,0,1,3004,1503,0.6810041932383949
ibm,4,0,2,3005,1502,0.6745424903219922
ibm,4,0,3,3005,1502,0.6489865977121555
ibm,4,1,1,3004,1503,0.6740150621092504
ibm,4,1,2,3005,1502,0.674758921382317
ibm,4,1,3,3005,1502,0.648914003940426
ibm,4,2,1,3004,1503,0.6689981900174011
ibm,4,2,2,3005,1502,0.6750476637461634
ibm,4,2,3,3005,1502,0.6488715444744871
ibm,4,3,1,3004,1503,0.6589228350619237
ibm,4,3,2,3005,1502,0.6762181157528395
ibm,4,3,3,3005,1502,0.6497245148784203
ibm,5,0,1,3005,1503,0.6289318397219874
ibm,5,0,2,3005,1503,0.6419327202648082
ibm,5,0,3,3006,1502,0.6599100776576984
ibm,5,1,1,3005,1503,0.6280464645512571
ibm,5,1,2,3005,1503,0.6377413868787924
ibm,5,1,3,3006,1502,0.6607865648767121
ibm,5,2,1,3005,1503,0.6259522517044976
ibm,5,2,2,3005,1503,0.6457012218576945
ibm,5,2,3,3006,1502,0.6564437984349711
ibm,5,3,1,3005,1503,0.6285456865798427
ibm,5,3,2,3005,1503,0.63407480171695
ibm,5,3,3,3006,1502,0.6486092507690883
iranian,1,0,1,1340,671,0.7909791277334556
iranian,1,0,2,1341,670,0.8089004703497423
iranian,1,0,3,1341,670,0.7760181099386337
iranian,1,1,1,1340,671,0.8212220118295783
iranian,1,1,2,1341,670,0.857231050725649
iranian,1,1,3,1341,670,0.8251522024139377
iranian,1,2,1,1340,671,0.8023048987115687
iranian,1,2,2,1341,670,0.84584734691716
iranian,1,2,3,1341,670,0.8062494773029275
iranian,1,3,1,1340,671,0.8374830188897833
iranian,1,3,2,1341,670,0.8802195217894161
iranian,1,3,3,1341,670,0.8355949199690881
iranian,2,0,1,1348,669,0.7790602073689331
iranian,2,0,2,1341,676,0.7797358868150943
iranian,2,0,3,1345,672,0.7549616270546995
iranian,2,1,1,1348,669,0.8301087677704053
iranian,2,1,2,1341,676,0.7944047717065146
iranian,2,1,3,1345,672,0.7940120723294748
iranian,2,2,1,1348,669,0.8202445523127464
iranian,2,2,2,1341,676,0.7997752066811956
iranian,2,2,3,1345,672,0.7908914005327603
iranian,2,3,1,1348,669,0.8635997370463336
iranian,2,3,2,1341,676,0.8095205593163665
iranian,2,3,3,1345,672,0.8202414169265966
iranian,3,0,1,1343,676,0.7940317806123576
iranian,3,0,2,1348,671,0.7876791926042852
iranian,3,0,3,1347,672,0.8144847569219696
iranian,3,1,1,1343,676,0.8600907117246944
iranian,3,1,2,1348,671,0.830660358509885
iranian,3,1,3,1347,672,0.8596867548615948
iranian,3,2,1,1343,676,0.8348560896779217
iranian,3,2,2,1348,671,0.8180455192229574
iranian,3,2,3,1347,672,0.8564226009495143
iranian,3,3,1,1343,676,0.8806054240743814
iranian,3,3,2,1348,671,0.8619181145399875
iranian,3,3,3,1347,672,0.8738191723760023
iranian,4,0,1,1337,680,0.835423738431898
iranian,4,0,2,1348,669,0.753030272514238
iranian,4,0,3,1349,668,0.7836541572347476
iranian,4,1,1,1337,680,0.8697999444631414
iranian,4,1,2,1348,669,0.7959709937338189
iranian,4,1,3,1349,668,0.8239609965201319
iranian,4,2,1,1337,680,0.8609665025526264
iranian,4,2,2,1348,669,0.7823067928649801
iranian,4,2,3,1349,668,0.8200297022824736
iranian,4,3,1,1337,680,0.8922150626446957
iranian,4,3,2,1348,669,0.8371380855052264
iranian,4,3,3,1349,668,0.8600165116347186
iranian,5,0,1,1350,670,0.7570193226858262
iranian,5,0,2,1350,670,0.8635854636408521
iranian,5,0,3,1340,680,0.7727643421635555
iranian,5,1,1,1350,670,0.7984364242073105
iranian,5,1,2,1350,670,0.8912535275190188
iranian,5,1,3,1340,680,0.8129154966454681
iranian,5,2,1,1350,670,0.7851448135925907
iranian,5,2,2,1350,670,0.8962006588389196
iranian,5,2,3,1340,680,0.7999070984464718
iranian,5,3,1,1350,670,0.8281794643925606
iranian,5,3,2,1350,670,0.9122100264409813
iranian,5,3,3,1340,680,0.841276999377248
retail,2010-12-01,0,1,2669,2831,0.5725206318955744
retail,2010-12-01,1,1,2669,2831,0.5656793920141399
retail,2010-12-01,2,1,2669,2831,0.5773870426331686
retail,2010-12-01,3,1,2669,2831,0.5652093898394593
retail,2011-03-01,0,1,2669,2831,0.5725206318955744
retail,2011-03-01,0,2,5500,3479,0.7983341918244853
retail,2011-03-01,1,1,2669,2831,0.5656793920141399
retail,2011-03-01,1,2,5500,3479,0.798236471359124
retail,2011-03-01,2,1,2669,2831,0.5773870426331686
retail,2011-03-01,2,2,5500,3479,0.7999320666010447
retail,2011-03-01,3,1,2669,2831,0.5652093898394593
retail,2011-03-01,3,2,5500,3479,0.7956349677709784
retail,2011-06-01,0,1,2669,2831,0.5725206318955744
retail,2011-06-01,0,2,5500,3479,0.7983341918244853
retail,2011-06-01,0,3,8979,3349,0.7682926402749657
retail,2011-06-01,1,1,2669,2831,0.5656793920141399
retail,2011-06-01,1,2,5500,3479,0.798236471359124
retail,2011-06-01,1,3,8979,3349,0.7707821064482955
retail,2011-06-01,2,1,2669,2831,0.5773870426331686
retail,2011-06-01,2,2,5500,3479,0.7999320666010447
retail,2011-06-01,2,3,8979,3349,0.7676618636959974
retail,2011-06-01,3,1,2669,2831,0.5652093898394593
retail,2011-06-01,3,2,5500,3479,0.7956349677709784
retail,2011-06-01,3,3,8979,3349,0.7673467739342447
