dataset,fold,model,train_n,n,positive_rate,roc_auc,average_precision,accuracy,precision_05,recall_05,f1_05,brier,log_loss,precision_top10,recall_top10,lift_top10,predicted_retention,observed_retention,retention_error_pp,tn,fp,fn,tp
ibm,1,Prior / majority,4507,1127,0.2653061224489796,0.5,0.2653061224489796,0.7346938775510204,0.0,0.0,0.0,0.19491878730519582,0.5785341145204774,,,,0.7346350122032393,0.7346938775510203,-0.005886534778104524,828,0,299,0
ibm,1,Logistic Regression,4507,1127,0.2653061224489796,0.8349651818460893,0.6243159450239382,0.7976929902395741,0.637065637065637,0.5518394648829431,0.5913978494623656,0.14027034796225182,0.4286132083556575,0.6814159292035398,0.25752508361204013,2.5684138869979574,0.7267574390203959,0.7346938775510203,-0.7936438530624534,734,94,134,165
ibm,2,Prior / majority,4507,1127,0.2653061224489796,0.5,0.2653061224489796,0.7346938775510204,0.0,0.0,0.0,0.19491878730519582,0.5785341145204773,,,,0.7346350122032393,0.7346938775510203,-0.005886534778104524,828,0,299,0
ibm,2,Logistic Regression,4507,1127,0.2653061224489796,0.8421994409707074,0.6450038024032697,0.7905944986690329,0.6235294117647059,0.5317725752508361,0.5740072202166066,0.13758268824305311,0.41885818272063985,0.7256637168141593,0.27424749163879597,2.7351940095302925,0.7305554533888934,0.7346938775510203,-0.4138424162127008,732,96,140,159
ibm,3,Prior / majority,4507,1127,0.2653061224489796,0.5,0.2653061224489796,0.7346938775510204,0.0,0.0,0.0,0.19491878730519582,0.5785341145204774,,,,0.7346350122032393,0.7346938775510203,-0.005886534778104524,828,0,299,0
ibm,3,Logistic Regression,4507,1127,0.2653061224489796,0.8415511447174964,0.6710644394461152,0.8039041703637977,0.6625,0.5317725752508361,0.5899814471243042,0.13645498098096567,0.4203916095495813,0.7522123893805309,0.2842809364548495,2.835262083049693,0.7431146753343651,0.7346938775510203,0.8420797783344813,747,81,140,159
ibm,4,Prior / majority,4507,1127,0.2653061224489796,0.5,0.2653061224489796,0.7346938775510204,0.0,0.0,0.0,0.19491878730519582,0.5785341145204773,,,,0.7346350122032393,0.7346938775510203,-0.005886534778104524,828,0,299,0
ibm,4,Logistic Regression,4507,1127,0.2653061224489796,0.8503647423779749,0.6282909585868502,0.808340727595386,0.6693877551020408,0.5484949832775919,0.6029411764705882,0.13458058491209476,0.41137568515760564,0.7079646017699115,0.26755852842809363,2.6684819605173584,0.7359284415932525,0.7346938775510203,0.12345640422322113,747,81,135,164
ibm,5,Prior / majority,4508,1126,0.2655417406749556,0.5,0.2655417406749556,0.7344582593250444,0.0,0.0,0.0,0.19502938015021862,0.5787740991903758,,,,0.7346938775510203,0.7344582593250444,0.023561822597595317,827,0,299,0
ibm,5,Logistic Regression,4508,1126,0.2655417406749556,0.8477229620702625,0.682281692752122,0.8072824156305506,0.664,0.5551839464882943,0.604735883424408,0.13383008455867074,0.4162902115462723,0.8053097345132744,0.30434782608695654,3.0327048864948054,0.7371026896734116,0.7344582593250444,0.26444303483673104,743,84,133,166
iranian,1,Prior / majority,2011,510,0.1607843137254902,0.5,0.1607843137254902,0.8392156862745098,0.0,0.0,0.0,0.13494990605365367,0.44103275882697945,,,,0.8433615116857285,0.8392156862745098,0.41458254112186343,428,0,82,0
iranian,1,Logistic Regression,2011,510,0.1607843137254902,0.9239799407339868,0.7252036478697816,0.8803921568627451,0.7441860465116279,0.3902439024390244,0.512,0.07620331588785152,0.23559255078279445,0.7647058823529411,0.47560975609756095,4.756097560975609,0.8378581455645066,0.8392156862745098,-0.1357540710003241,417,11,50,32
iranian,2,Prior / majority,2017,504,0.15674603174603174,0.5,0.15674603174603174,0.8432539682539683,0.0,0.0,0.0,0.1321775484165066,0.43423759757682084,,,,0.8423401090728806,0.8432539682539683,-0.09138591810877172,425,0,79,0
iranian,2,Logistic Regression,2017,504,0.15674603174603174,0.9332092330603127,0.799487096043487,0.9226190476190477,0.9166666666666666,0.5569620253164557,0.6929133858267716,0.06348476245400791,0.21221675264841044,0.8627450980392157,0.5569620253164557,5.5040953090096805,0.8333560503465473,0.8432539682539683,-0.9897917907421033,421,4,35,44
iranian,3,Prior / majority,2019,502,0.15737051792828685,0.5,0.15737051792828685,0.8426294820717132,0.0,0.0,0.0,0.13260505575665232,0.4352838278286073,,,,0.8424962852897475,0.8426294820717132,-0.013319678196568874,423,0,79,0
iranian,3,Logistic Regression,2019,502,0.15737051792828685,0.9329981745817997,0.7783525087967053,0.9083665338645418,0.9459459459459459,0.4430379746835443,0.603448275862069,0.06702281631290602,0.21951184400698698,0.8235294117647058,0.5316455696202531,5.233060312732688,0.8500900033424973,0.8426294820717132,0.7460521270784171,421,2,44,35
iranian,4,Prior / majority,2017,504,0.15674603174603174,0.5,0.15674603174603174,0.8432539682539683,0.0,0.0,0.0,0.1321775484165066,0.43423759757682084,,,,0.8423401090728806,0.8432539682539683,-0.09138591810877172,425,0,79,0
iranian,4,Logistic Regression,2017,504,0.15674603174603174,0.922457185405808,0.7348190584621915,0.8908730158730159,0.8529411764705882,0.3670886075949367,0.5132743362831859,0.07464774799337465,0.2357434536048036,0.7450980392156863,0.4810126582278481,4.7535368577810875,0.8487095755228151,0.8432539682539683,0.5455607268846863,420,5,50,29
iranian,5,Prior / majority,2020,501,0.15568862275449102,0.5,0.15568862275449102,0.844311377245509,0.0,0.0,0.0,0.13145465807919504,0.4324697772202656,,,,0.8420792079207922,0.844311377245509,-0.22321693247168706,423,0,78,0
iranian,5,Logistic Regression,2020,501,0.15568862275449102,0.9345335515548282,0.7348956870826215,0.9001996007984032,0.868421052631579,0.4230769230769231,0.5689655172413793,0.07287201631095501,0.23073014178700874,0.7254901960784313,0.47435897435897434,4.659879336349924,0.8448537288299504,0.844311377245509,0.05423515844414084,418,5,45,33
retail,2010-09-01,Prior / majority,2669,2831,0.3807841752031084,0.5,0.3807841752031084,0.3807841752031084,0.3807841752031084,1.0,0.55154771041187,0.25022421162420233,0.6935956043339552,,,,0.4990633195953541,0.6192158247968915,-12.015250520153748,0,1753,0,1078
retail,2010-09-01,Logistic Regression,2669,2831,0.3807841752031084,0.719064164586127,0.5712956431219525,0.6464146944542565,0.5252459016393443,0.7430426716141002,0.6154437187860161,0.22153834925621296,0.6315628194787397,0.6338028169014085,0.16697588126159554,1.6644673234210459,0.4943751500588306,0.6192158247968915,-12.484067473806098,1029,724,277,801
retail,2010-12-01,Prior / majority,5500,3479,0.6205806266168439,0.5,0.6205806266168439,0.37941937338315607,0.0,0.0,0.0,0.2683988300523329,0.7301470722411857,,,,0.5609090909090908,0.3794193733831561,18.148971752593468,1320,0,2159,0
retail,2010-12-01,Logistic Regression,5500,3479,0.6205806266168439,0.7488557412943703,0.7979816818987219,0.6369646450129347,0.8072702331961591,0.5451597962019453,0.6508155930329002,0.2328218731401244,0.6582492532843337,0.8477011494252874,0.13663733209819362,1.36598068497016,0.5802681471065698,0.3794193733831561,20.08487737234137,1039,281,982,1177
retail,2011-03-01,Prior / majority,8979,3349,0.5771872200656912,0.5,0.5771872200656912,0.5771872200656912,0.5771872200656912,1.0,0.731919727375994,0.2486357697322027,0.6904184082255782,,,,0.4905891524668673,0.42281277993430877,6.777637253255852,0,1416,0,1933
retail,2011-03-01,Logistic Regression,8979,3349,0.5771872200656912,0.7517248005939072,0.766547652417741,0.7037921767691848,0.7330361565131253,0.7656492498706674,0.7489878542510121,0.19657143429753005,0.5773264084635922,0.817910447761194,0.14174857734092086,1.417062643327594,0.4781534401581815,0.42281277993430877,5.5340660223872735,877,539,453,1480
retail,2011-06-01,Prior / majority,12328,2659,0.4994358781496803,0.5,0.4994358781496803,0.4994358781496803,0.4994358781496803,1.0,0.6661650363681967,0.25080550150078795,0.6947606504305577,,,,0.47217715768981183,0.5005641218503196,-2.8386964160507846,0,1331,0,1328
retail,2011-06-01,Logistic Regression,12328,2659,0.4994358781496803,0.7519608863704254,0.6969358096144391,0.6904851447912749,0.6520168573148706,0.8155120481927711,0.7246570759451322,0.20132503858619383,0.5858723489580506,0.7180451127819549,0.1438253012048193,1.437712315427122,0.45865873813857627,0.5005641218503196,-4.19053837117434,753,578,245,1083
