bin,n,mean_p,observed_rate,dataset
"(-0.001, 0.1]",2107,0.03396492680302402,0.03986710963455149,ibm
"(0.1, 0.2]",774,0.1485882507072522,0.17054263565891473,ibm
"(0.2, 0.3]",608,0.24849523724713365,0.22861842105263158,ibm
"(0.3, 0.4]",445,0.3497773970454967,0.3146067415730337,ibm
"(0.4, 0.5]",451,0.4494184122756211,0.4146341463414634,ibm
"(0.5, 0.6]",450,0.5493126963753265,0.5444444444444444,ibm
"(0.6, 0.7]",467,0.6496099154581193,0.6595289079229122,ibm
"(0.7, 0.8]",302,0.7405495625243974,0.7715231788079471,ibm
"(0.8, 0.9]",30,0.8183160148548076,0.9,ibm
"(-0.001, 0.1]",1648,0.020056470476395607,0.02063106796116505,iranian
"(0.1, 0.2]",167,0.14753631680428386,0.1497005988023952,iranian
"(0.2, 0.3]",202,0.24863140199548342,0.21782178217821782,iranian
"(0.3, 0.4]",212,0.3579467245707069,0.35377358490566035,iranian
"(0.4, 0.5]",92,0.4384023651730872,0.5,iranian
"(0.5, 0.6]",26,0.5436522937270772,0.5,iranian
"(0.6, 0.7]",9,0.647141748949518,0.8888888888888888,iranian
"(0.7, 0.8]",9,0.7488663349270052,1.0,iranian
"(0.8, 0.9]",41,0.8612577120550404,0.8292682926829268,iranian
"(0.9, 1.0]",115,0.9545293674498951,0.9478260869565217,iranian
"(-0.001, 0.1]",535,0.05874690084367806,0.04299065420560748,retail
"(0.1, 0.2]",963,0.15341847232948685,0.18483904465212878,retail
"(0.2, 0.3]",1216,0.2510874803591033,0.3092105263157895,retail
"(0.3, 0.4]",1429,0.3507217874651665,0.4562631210636809,retail
"(0.4, 0.5]",1512,0.4510696970182648,0.48148148148148145,retail
"(0.5, 0.6]",1702,0.5525233673321142,0.6286721504112809,retail
"(0.6, 0.7]",2588,0.6565121195480816,0.678516228748068,retail
"(0.7, 0.8]",2170,0.738906309460428,0.7235023041474654,retail
"(0.8, 0.9]",201,0.8276805914336265,0.7213930348258707,retail
"(0.9, 1.0]",2,0.9151052509080092,0.0,retail
