dataset,fold,feature,coefficient
retail,2010-09-01,numeric__recency_days,-0.01449056621342553
retail,2010-09-01,numeric__frequency_180d,-0.3551939324202679
retail,2010-09-01,numeric__gross_spend_180d,-0.34704359217205705
retail,2010-09-01,numeric__unique_products_180d,-0.13442219354116391
retail,2010-09-01,numeric__frequency_recent90d,-0.33823407311368525
retail,2010-09-01,numeric__frequency_previous90d,-0.044362551967719516
retail,2010-09-01,numeric__observed_purchase_span_days,-0.12088894861597427
retail,2010-12-01,numeric__recency_days,-0.05154695587444871
retail,2010-12-01,numeric__frequency_180d,0.043926851166719946
retail,2010-12-01,numeric__gross_spend_180d,-0.25048782393246477
retail,2010-12-01,numeric__unique_products_180d,-0.1982764379006833
retail,2010-12-01,numeric__frequency_recent90d,-0.5032899586391956
retail,2010-12-01,numeric__frequency_previous90d,-0.2949571417350276
retail,2010-12-01,numeric__observed_purchase_span_days,-0.1679245951688216
retail,2011-03-01,numeric__recency_days,-0.06658283913961881
retail,2011-03-01,numeric__frequency_180d,0.16341836343171587
retail,2011-03-01,numeric__gross_spend_180d,-0.22690977557025838
retail,2011-03-01,numeric__unique_products_180d,-0.11768057068106726
retail,2011-03-01,numeric__frequency_recent90d,-0.6220191423511181
retail,2011-03-01,numeric__frequency_previous90d,-0.47143449718341446
retail,2011-03-01,numeric__observed_purchase_span_days,-0.12460567028153567
retail,2011-06-01,numeric__recency_days,-0.003934539822618731
retail,2011-06-01,numeric__frequency_180d,0.14858760765185994
retail,2011-06-01,numeric__gross_spend_180d,-0.24321269535766304
retail,2011-06-01,numeric__unique_products_180d,-0.1080695050736182
retail,2011-06-01,numeric__frequency_recent90d,-0.6623242126140357
retail,2011-06-01,numeric__frequency_previous90d,-0.45826442573236986
retail,2011-06-01,numeric__observed_purchase_span_days,-0.1025142952375579
