dataset,field,dtype,rows,null_count,blank_count,missing_or_blank_count,distinct_non_null,min,max
ibm,customerID,object,7043,0,0,0,7043,,
ibm,gender,object,7043,0,0,0,2,,
ibm,SeniorCitizen,int64,7043,0,0,0,2,0.0,1.0
ibm,Partner,object,7043,0,0,0,2,,
ibm,Dependents,object,7043,0,0,0,2,,
ibm,tenure,int64,7043,0,0,0,73,0.0,72.0
ibm,PhoneService,object,7043,0,0,0,2,,
ibm,MultipleLines,object,7043,0,0,0,3,,
ibm,InternetService,object,7043,0,0,0,3,,
ibm,OnlineSecurity,object,7043,0,0,0,3,,
ibm,OnlineBackup,object,7043,0,0,0,3,,
ibm,DeviceProtection,object,7043,0,0,0,3,,
ibm,TechSupport,object,7043,0,0,0,3,,
ibm,StreamingTV,object,7043,0,0,0,3,,
ibm,StreamingMovies,object,7043,0,0,0,3,,
ibm,Contract,object,7043,0,0,0,3,,
ibm,PaperlessBilling,object,7043,0,0,0,2,,
ibm,PaymentMethod,object,7043,0,0,0,4,,
ibm,MonthlyCharges,float64,7043,0,0,0,1585,18.25,118.75
ibm,TotalCharges,object,7043,0,11,11,6531,,
ibm,Churn,object,7043,0,0,0,2,,
iranian,Call  Failure,int64,3150,0,0,0,37,0.0,36.0
iranian,Complains,int64,3150,0,0,0,2,0.0,1.0
iranian,Subscription  Length,int64,3150,0,0,0,45,3.0,47.0
iranian,Charge  Amount,int64,3150,0,0,0,11,0.0,10.0
iranian,Seconds of Use,int64,3150,0,0,0,1756,0.0,17090.0
iranian,Frequency of use,int64,3150,0,0,0,242,0.0,255.0
iranian,Frequency of SMS,int64,3150,0,0,0,405,0.0,522.0
iranian,Distinct Called Numbers,int64,3150,0,0,0,92,0.0,97.0
iranian,Age Group,int64,3150,0,0,0,5,1.0,5.0
iranian,Tariff Plan,int64,3150,0,0,0,2,1.0,2.0
iranian,Status,int64,3150,0,0,0,2,1.0,2.0
iranian,Age,int64,3150,0,0,0,5,15.0,55.0
iranian,Customer Value,float64,3150,0,0,0,2654,0.0,2165.28
iranian,Churn,int64,3150,0,0,0,2,0.0,1.0
retail,Invoice,object,1067371,0,0,0,53628,,
retail,StockCode,object,1067371,0,0,0,5305,,
retail,Description,object,1067371,4382,0,4382,5698,,
retail,Quantity,int64,1067371,0,0,0,1057,-80995.0,80995.0
retail,InvoiceDate,datetime64[ns],1067371,0,0,0,47635,,
retail,Price,float64,1067371,0,0,0,2807,-53594.36,38970.0
retail,Customer ID,float64,1067371,243007,0,243007,5942,12346.0,18287.0
retail,Country,object,1067371,0,0,0,43,,
