,Call  Failure,Complains,Subscription  Length,Charge  Amount,Seconds of Use,Frequency of use,Frequency of SMS,Distinct Called Numbers,Age Group,Tariff Plan,Age
count,2521.0,2521,2521.0,2521.0,2521.0,2521.0,2521.0,2521.0,2521,2521,2521.0
unique,,2,,,,,,,5,2,
top,,0,,,,,,,3,1,
freq,,2331,,,,,,,1140,2319,
mean,7.649345497818326,,32.68226894089647,0.957159857199524,4474.542245140817,69.31098770329234,73.76398254660849,23.470844902816342,,,30.946053153510512
std,7.258766495742294,,8.51507760363322,1.5478317226039229,4193.416126432596,57.30275411550886,114.13344071537428,17.17020429453344,,,8.757506150709416
min,0.0,,3.0,0.0,0.0,0.0,0.0,0.0,,,15.0
25%,1.0,,30.0,0.0,1378.0,27.0,5.0,10.0,,,25.0
50%,6.0,,35.0,0.0,2990.0,54.0,21.0,21.0,,,30.0
75%,12.0,,38.0,1.0,6480.0,95.0,86.0,34.0,,,30.0
max,36.0,,47.0,10.0,17090.0,255.0,515.0,97.0,,,55.0
